{
  "totalTodos": [
    {
      "title": "add toogle feature",
      "completed": false,
      "id": 1
    },
    {
      "title": "add patch function",
      "completed": false,
      "id": 2
    },
    {
      "title": "write code in typescript",
      "completed": false,
      "id": 3
    },
    {
      "title": "add the code to githb",
      "completed": false,
      "id": 4
    },
    {
      "title": "add code and debug it",
      "completed": false,
      "id": 5
    },
    {
      "title": "adding the value",
      "completed": false,
      "id": 6
    }
  ]
}